timestamp,idx,path,c1,c2,c3
1613829843.197587,16,short_path,37528,151848,151815
1613829843.287621,16,short_path,37635,152317,152462
1613829843.288092,0,long_path,8235,8415,8526
1613829843.3627148,16,short_path,37745,152878,152842
1613829843.3632472,0,long_path,8274,8531,8543
1613829843.467623,16,short_path,37725,153141,153094
1613829843.4681878,0,long_path,8228,8551,8574
1613829843.572097,16,short_path,37698,152936,152925
1613829843.572451,0,long_path,8280,8525,8545
1613829843.632264,16,short_path,37836,153057,153044
1613829843.632756,0,long_path,8253,8464,8541
1613829843.722272,16,short_path,37711,153111,153064
1613829843.7373838,0,long_path,8269,8503,8555
1613829843.827101,16,short_path,37860,153102,153048
1613829843.827488,0,long_path,8257,8539,8507
1613829843.91739,16,short_path,37768,153359,153285
1613829843.917954,0,long_path,8252,22221,8545
1613829843.9925508,16,short_path,37852,153740,153724
1613829843.992961,0,long_path,8534,8479,8530
1613829844.12723,16,short_path,37784,154059,153922
1613829844.1278038,0,long_path,8133,8530,8576
1613829844.187215,16,short_path,37829,153894,153820
1613829844.18754,0,long_path,8264,8796,8543
1613829844.277045,16,short_path,37865,153961,154006
1613829844.3075788,0,long_path,8278,8505,8528
1613829844.367149,16,short_path,37882,154130,154067
1613829844.367575,0,long_path,8250,8565,8566
1613829844.4572082,16,short_path,37767,154212,154163
1613829844.457561,0,long_path,8290,8498,8494
1613829844.5623481,16,short_path,37903,154320,154276
1613829844.562779,0,long_path,8260,8583,8550
1613829844.637154,16,short_path,38097,154371,154299
1613829844.6375191,0,long_path,8288,8552,8522
1613829844.727363,16,short_path,37876,154336,154288
1613829844.7277088,0,long_path,8234,8504,8544
1613829844.817426,16,short_path,37648,154192,154127
1613829844.8179462,0,long_path,8235,8557,8545
1613829844.892666,16,short_path,37874,154225,154177
1613829844.893139,0,long_path,8246,23143,8523
1613829844.982191,16,short_path,38336,154321,154297
1613829844.982507,0,long_path,8246,8538,8556
1613829845.086814,16,short_path,37858,154213,154250
1613829845.087157,0,long_path,8232,8496,8549
1613829845.162626,16,short_path,37900,154310,154256
1613829845.163041,0,long_path,8250,8515,8552
1613829845.267345,16,short_path,37855,154336,154614
1613829845.267647,0,long_path,8212,8520,8736
1613829845.357544,16,short_path,37823,153980,153919
1613829845.358046,0,long_path,8252,8498,8519
1613829845.46209,16,short_path,37717,153847,153780
1613829845.4625568,0,long_path,8259,8517,8542
1613829845.5227032,16,short_path,37775,153862,153813
1613829845.5231118,0,long_path,8232,8555,8578
1613829845.612534,16,short_path,37681,153655,153595
1613829845.613028,0,long_path,8297,8590,8529
1613829845.702365,16,short_path,37772,153598,153566
1613829845.702836,0,long_path,8237,8523,8553
1613829845.793063,16,short_path,37870,153772,153749
1613829845.7936032,0,long_path,8527,8516,8553
1613829845.897038,16,short_path,37570,153396,153468
1613829845.8976781,0,long_path,8061,22459,8561
1613829845.972783,16,short_path,37836,153410,153406
1613829845.973204,0,long_path,8300,8528,8535
1613829846.062377,16,short_path,37859,153817,153587
1613829846.062797,0,long_path,8263,8624,8552
1613829846.182375,16,short_path,37838,153595,152989
1613829846.182827,0,long_path,8264,8529,8079
1613829846.257517,16,short_path,37863,153747,153709
1613829846.258027,0,long_path,8249,8574,8541
1613829846.362562,16,short_path,38016,154140,154105
1613829846.363042,0,long_path,8289,8551,8531
1613829846.4372852,16,short_path,37828,153767,153720
1613829846.437779,0,long_path,8280,8506,8542
1613829846.557656,16,short_path,37800,153261,153204
1613829846.5582452,0,long_path,8264,8509,8512
1613829846.602266,16,short_path,37822,153338,153339
1613829846.602737,0,long_path,8254,8467,8551
1613829846.6923509,16,short_path,37873,153636,153599
1613829846.692801,0,long_path,8232,22550,8569
1613829846.797514,16,short_path,37836,153625,153573
1613829846.798134,0,long_path,8544,8498,8500
1613829846.872463,16,short_path,37568,153634,153677
1613829846.872867,0,long_path,8086,8543,8582
1613829846.9626071,16,short_path,37810,153680,153630
1613829846.963159,0,long_path,8228,8443,8525
1613829847.067883,16,short_path,37757,153312,153571
1613829847.068477,0,long_path,8278,8503,8544
1613829847.142293,16,short_path,37709,153179,153057
1613829847.142821,0,long_path,8236,8497,8458
1613829847.23243,16,short_path,37736,153269,153235
1613829847.232938,0,long_path,8280,8507,8514
1613829847.337377,16,short_path,37729,153238,153220
1613829847.337792,0,long_path,8285,8508,8561
1613829847.427178,16,short_path,37830,153299,153247
1613829847.427639,0,long_path,8280,8451,8464
1613829847.517736,16,short_path,37724,153351,153313
1613829847.518346,0,long_path,8259,8528,8521
1613829847.607754,16,short_path,37882,153110,153065
1613829847.6081998,0,long_path,8247,8503,8475
1613829847.682456,16,short_path,37722,153105,153072
1613829847.697711,0,long_path,8280,22036,8476
1613829847.772562,16,short_path,38429,153207,153131
1613829847.773035,0,long_path,8239,8528,8505
1613829847.877735,16,short_path,37748,153210,153135
1613829847.8782568,0,long_path,8315,8550,8509
1613829847.9671822,16,short_path,37744,153256,153181
1613829847.967631,0,long_path,8251,8486,8539
1613829848.042366,16,short_path,37734,153252,153519
1613829848.042828,0,long_path,8268,8477,8746
1613829848.132812,16,short_path,37724,153156,153131
1613829848.13341,0,long_path,8297,8518,8532
1613829848.2223969,16,short_path,37758,153134,153088
1613829848.222972,0,long_path,8277,8492,8504
1613829848.327679,16,short_path,37753,153163,153152
1613829848.3282151,0,long_path,8297,8537,8555
1613829848.4175842,16,short_path,37775,153295,153292
1613829848.432558,0,long_path,8285,8508,8524
1613829848.492924,16,short_path,37845,153476,153418
1613829848.493495,0,long_path,8258,8534,8491
1613829848.58255,16,short_path,37724,152901,152856
1613829848.583057,0,long_path,8533,8524,8540
1613829848.672965,16,short_path,37437,152460,152446
1613829848.6734421,0,long_path,8091,8484,8557
1613829848.7629719,16,short_path,37629,152344,152274
1613829848.76351,0,long_path,8299,8477,8504
1613829848.852306,16,short_path,37625,152177,152114
1613829848.8528168,0,long_path,8263,8532,8527
1613829848.95751,16,short_path,37576,152049,151981
1613829848.95807,0,long_path,8274,8522,8468
1613829849.047411,16,short_path,37577,151977,151929
1613829849.047832,0,long_path,8238,8511,8521
1613829849.137068,16,short_path,37422,151297,151180
1613829849.137554,0,long_path,8210,8482,8505
1613829849.227086,16,short_path,37297,150715,150657
1613829849.227422,0,long_path,8336,8496,8509
1613829849.302062,16,short_path,37309,150330,150296
1613829849.302432,0,long_path,8260,8482,8456
1613829849.4072409,16,short_path,37319,149969,149916
1613829849.407688,0,long_path,8277,8479,8483
1613829849.500923,16,short_path,37232,149688,149671
1613829849.5011919,0,long_path,8286,8515,8470
1613829849.592465,16,short_path,37304,149729,149664
1613829849.592784,0,long_path,8444,8521,8477
1613829849.662074,16,short_path,37070,149306,149318
1613829849.662505,0,long_path,8120,8526,8516
1613829849.767752,16,short_path,37207,148805,148827
1613829849.7684128,0,long_path,8246,8468,8511
1613829849.8572721,16,short_path,37205,148644,148703
1613829849.857698,0,long_path,8268,8496,8460
1613829849.962186,16,short_path,37047,148138,148048
1613829849.962618,0,long_path,8287,8516,8463
1613829850.0374231,16,short_path,36919,147998,147955
1613829850.0379121,0,long_path,8201,8479,8487
1613829850.1270652,16,short_path,36995,147928,147859
1613829850.127397,0,long_path,8264,8490,8510
1613829850.202116,16,short_path,36875,147740,147698
1613829850.2024739,0,long_path,8251,8487,8504
1613829850.2929091,16,short_path,36838,147078,147049
1613829850.294487,0,long_path,8256,8486,8486
1613829850.38224,16,short_path,36634,146777,146741
1613829850.3826659,0,long_path,8285,8524,8498
1613829850.472704,16,short_path,36779,146651,146654
1613829850.473548,0,long_path,8247,15624,8481
1613829850.5620039,16,short_path,37292,146513,146447
1613829850.577172,0,long_path,8255,8494,8520
1613829850.667249,16,short_path,36744,146509,146200
1613829850.667566,0,long_path,8271,8540,8470
1613829850.757259,16,short_path,36752,146442,146412
1613829850.7579148,0,long_path,8244,8489,8499
1613829850.832097,16,short_path,36748,146478,147075
1613829850.832484,0,long_path,8230,8482,8908
1613829850.937284,16,short_path,36727,146477,146388
1613829850.9377768,0,long_path,8277,8416,8501
1613829851.027723,16,short_path,36633,145955,145934
1613829851.033611,0,long_path,8259,8489,8484
1613829851.102462,16,short_path,36675,145972,145919
1613829851.102823,0,long_path,8308,8448,8461
1613829851.207306,16,short_path,36860,145953,145912
1613829851.207772,0,long_path,8221,8439,8472
1613829851.282491,16,short_path,36708,146046,146029
1613829851.2828858,0,long_path,8276,8477,8483
1613829851.372638,16,short_path,36692,146117,146077
1613829851.3730109,0,long_path,8478,8497,8527
1613829851.4730182,16,short_path,36691,146345,146227
1613829851.473948,0,long_path,8228,8460,8469
1613829851.5674398,16,short_path,36810,146624,146549
1613829851.5679271,0,long_path,8294,8519,8467
1613829851.642186,16,short_path,36834,146994,146708
1613829851.642535,0,long_path,8235,8654,8507
1613829851.732209,16,short_path,36785,146541,146295
1613829851.732587,0,long_path,8271,8465,8330
1613829851.8370612,16,short_path,36781,146593,146540
1613829851.837377,0,long_path,8197,8458,8467
1613829851.927176,16,short_path,36793,146633,146596
1613829851.942318,0,long_path,8247,8501,8487
1613829852.0170538,16,short_path,36734,146599,146548
1613829852.017511,0,long_path,8288,8492,8414
1613829852.09218,16,short_path,36778,146715,146697
1613829852.092505,0,long_path,8286,8511,8473
1613829852.1823401,16,short_path,36677,146813,146777
1613829852.182754,0,long_path,8224,8486,8454
1613829852.2726269,16,short_path,36799,146925,146866
1613829852.273002,0,long_path,8328,8468,8449
1613829852.377585,16,short_path,36741,146683,146660
1613829852.377934,0,long_path,8469,8542,8528
1613829852.482622,16,short_path,36898,146725,146705
1613829852.482969,0,long_path,8363,8464,8422
1613829852.557354,16,short_path,36793,146973,146928
1613829852.557795,0,long_path,8262,8050,8482
1613829852.647827,16,short_path,36777,146911,146873
1613829852.648152,0,long_path,8313,8479,8461
1613829852.7374022,16,short_path,36784,146973,147000
1613829852.737822,0,long_path,8222,8449,8516
1613829852.812331,16,short_path,36646,147038,146986
1613829852.81281,0,long_path,8274,8492,8497
1613829852.917584,16,short_path,36791,147060,147007
1613829852.917855,0,long_path,8305,8493,8464
1613829853.008057,16,short_path,36624,146708,146669
1613829853.008588,0,long_path,8297,8506,8499
1613829853.082226,16,short_path,36688,146616,146585
1613829853.082603,0,long_path,8260,8447,8479
1613829853.172663,16,short_path,36613,146726,146676
1613829853.173122,0,long_path,8236,8445,8506
1613829853.277157,16,short_path,36712,146730,146666
1613829853.2775838,0,long_path,8263,15637,8499
1613829853.3674428,16,short_path,36724,146772,146734
1613829853.367904,0,long_path,8253,8441,8466
1613829853.442674,16,short_path,36729,146863,146702
1613829853.443051,0,long_path,8285,8464,8446
1613829853.562582,16,short_path,36726,146951,146899
1613829853.563093,0,long_path,8283,8457,8412
1613829853.622952,16,short_path,36692,146857,146774
1613829853.623363,0,long_path,8233,8458,8483
1613829853.712967,16,short_path,36667,146693,146647
1613829853.727475,0,long_path,8215,8439,8501
1613829853.802298,16,short_path,36663,146817,146773
1613829853.802803,0,long_path,8309,8482,8466
1613829853.907373,16,short_path,36726,146930,146885
1613829853.9077702,0,long_path,8234,8491,8491
1613829853.997171,16,short_path,36646,147048,147017
1613829854.012067,0,long_path,8246,8457,8467
1613829854.087716,16,short_path,36779,147172,147136
1613829854.088076,0,long_path,8289,8469,8468
1613829854.177143,16,short_path,36855,147431,147385
1613829854.177472,0,long_path,8504,8484,8469
1613829854.253068,16,short_path,37082,147681,147616
1613829854.2533288,0,long_path,8384,16581,8455
1613829854.372716,16,short_path,36791,147535,147516
1613829854.373111,0,long_path,8245,8511,8488
1613829854.4329112,16,short_path,37037,148758,147866
1613829854.433296,0,long_path,8238,8821,8471
1613829854.537264,16,short_path,37138,148425,148413
1613829854.537617,0,long_path,8253,8448,8513
1613829854.6129339,16,short_path,37116,148330,148286
1613829854.6133,0,long_path,8271,8453,8415
1613829854.762885,16,short_path,37124,148467,148470
1613829854.763326,0,long_path,8288,8488,8452
1613829854.792706,16,short_path,36989,148608,148552
1613829854.793174,0,long_path,8238,8457,8462
1613829854.8824441,16,short_path,37037,148442,148400
1613829854.882986,0,long_path,8281,8464,8464
1613829854.9874492,16,short_path,37036,148684,148680
1613829854.987923,0,long_path,8288,8473,8482
1613829855.063976,16,short_path,37110,148740,148697
1613829855.064328,0,long_path,8285,8459,8455
1613829855.167538,16,short_path,37115,148896,148853
1613829855.167872,0,long_path,8255,8493,8493
1613829855.242194,16,short_path,37732,148817,148816
1613829855.242558,0,long_path,8712,8516,8442
1613829855.3623009,16,short_path,37075,148852,148830
1613829855.3627021,0,long_path,8249,8258,8472
1613829855.422695,16,short_path,37085,148912,148896
1613829855.4231622,0,long_path,8193,8448,8493
1613829855.512426,16,short_path,37135,149185,149499
1613829855.527667,0,long_path,8262,8458,8661
1613829855.602564,16,short_path,36901,148857,148805
1613829855.602973,0,long_path,8252,8509,8460
1613829855.707314,16,short_path,37026,148759,148725
1613829855.707642,0,long_path,8242,8472,8483
1613829855.7972322,16,short_path,37054,148977,148920
1613829855.797578,0,long_path,8247,8474,8509
1613829855.887563,16,short_path,37059,148981,148942
1613829855.888097,0,long_path,8239,8493,8467
1613829855.9774468,16,short_path,36988,149131,149119
1613829855.977998,0,long_path,8261,8462,8482
1613829856.05269,16,short_path,37198,149578,149449
1613829856.053144,0,long_path,8212,18408,8483
1613829856.142514,16,short_path,36985,149602,149531
1613829856.142901,0,long_path,8231,8477,8469
1613829856.247469,16,short_path,37102,148570,148995
1613829856.2478049,0,long_path,8239,8132,8513
1613829856.3379111,16,short_path,37136,149387,149429
1613829856.338366,0,long_path,8222,8477,8484
1613829856.412659,16,short_path,37251,149842,149476
1613829856.413068,0,long_path,8272,8430,8233
1613829856.518301,16,short_path,37334,150112,150117
1613829856.519155,0,long_path,8251,8509,8480
1613829856.6223428,16,short_path,37161,150327,150272
1613829856.6227589,0,long_path,8274,8533,8525
1613829856.697245,16,short_path,37329,150204,150177
1613829856.697644,0,long_path,8230,8490,8493
1613829856.772693,16,short_path,37304,149975,149938
1613829856.773131,0,long_path,8280,8486,8472
1613829856.878015,16,short_path,37270,149998,149926
1613829856.8785548,0,long_path,8249,8490,8480
1613829856.967826,16,short_path,37240,150026,149970
1613829856.968373,0,long_path,8296,8479,8476
1613829857.042478,16,short_path,37572,150720,150653
1613829857.042992,0,long_path,8298,19602,8489
1613829857.177872,16,short_path,37188,150891,150854
1613829857.17872,0,long_path,8259,8505,8489
1613829857.222251,16,short_path,37312,150777,150770
1613829857.222837,0,long_path,8243,8432,8476
1613829857.3123982,16,short_path,37271,150817,150881
1613829857.3127449,0,long_path,8228,8483,8582
1613829857.4182029,16,short_path,37278,150875,150742
1613829857.41869,0,long_path,8259,8474,8395
1613829857.492671,16,short_path,37333,150815,150804
1613829857.493061,0,long_path,8207,8495,8448
1613829857.597891,16,short_path,37165,150847,150816
1613829857.598345,0,long_path,8238,8498,8527
1613829857.702734,16,short_path,37419,150947,150898
1613829857.703242,0,long_path,8285,8532,8488
1613829857.777556,16,short_path,37521,150976,150930
1613829857.778099,0,long_path,8281,8529,8522
1613829857.852849,16,short_path,37048,149869,149845
1613829857.8533719,0,long_path,8273,8506,8473
1613829857.942476,16,short_path,36964,149440,149397
1613829857.9430022,0,long_path,8455,8500,8451
1613829858.032629,16,short_path,37478,149639,149557
1613829858.03317,0,long_path,8641,8471,8473
1613829858.1373172,16,short_path,37147,150156,150142
1613829858.137735,0,long_path,8228,8328,8532
1613829858.212947,16,short_path,37229,150503,150488
1613829858.213473,0,long_path,8268,8505,8463
1613829858.3174348,16,short_path,37276,150656,150778
1613829858.317794,0,long_path,8256,8508,8619
1613829858.3929799,16,short_path,37477,151327,151298
1613829858.393412,0,long_path,8301,8452,8497
1613829858.4973,16,short_path,37516,151856,151818
1613829858.497633,0,long_path,8234,8530,8519
1613829858.5878599,16,short_path,37767,152721,152713
1613829858.588335,0,long_path,8259,8543,8510
1613829858.677283,16,short_path,37664,152787,152733
1613829858.677669,0,long_path,8268,8542,8477
1613829858.767238,16,short_path,37638,152544,152520
1613829858.767575,0,long_path,8268,8528,8531
1613829858.85743,16,short_path,37630,152599,152513
1613829858.8578932,0,long_path,8268,21503,8512
1613829858.992835,16,short_path,36918,152631,152588
1613829858.9934871,0,long_path,8251,8502,8538
1613829859.037667,16,short_path,37578,152237,152674
1613829859.038133,0,long_path,8250,8265,8565
1613829859.127378,16,short_path,37621,152648,152588
1613829859.127764,0,long_path,8271,8527,8506
1613829859.202249,16,short_path,37651,152915,152664
1613829859.202569,0,long_path,8205,8501,8347
1613829859.2932422,16,short_path,37699,153035,153013
1613829859.293708,0,long_path,8237,8506,8509
1613829859.3976262,16,short_path,37679,153097,153040
1613829859.398026,0,long_path,8234,8483,8524
1613829859.4874601,16,short_path,37613,152863,152800
1613829859.4878788,0,long_path,8247,8503,8514
1613829859.5625348,16,short_path,37498,152733,152727
1613829859.562892,0,long_path,8254,8521,8522
1613829859.653269,16,short_path,37647,152958,152875
1613829859.653719,0,long_path,8288,8516,8544
1613829859.742497,16,short_path,37639,152988,152955
1613829859.743008,0,long_path,8499,8494,8532
1613829859.832326,16,short_path,37720,153079,153039
1613829859.832723,0,long_path,8326,21983,8473
1613829859.9376462,16,short_path,37527,153216,153202
1613829859.93805,0,long_path,8245,8522,8486
1613829860.013349,16,short_path,37652,152829,152823
1613829860.013931,0,long_path,8259,8460,8472
1613829860.1174679,16,short_path,37654,152835,152986
1613829860.1180649,0,long_path,8226,8529,8654
1613829860.1923258,16,short_path,37643,152935,152815
1613829860.192718,0,long_path,8242,8462,8425
1613829860.327934,16,short_path,37641,152824,152799
1613829860.328306,0,long_path,8207,8504,8471
1613829860.387398,16,short_path,37774,152758,152734
1613829860.3877828,0,long_path,8252,8555,8529
1613829860.4630651,16,short_path,37634,152673,152633
1613829860.463618,0,long_path,8308,8482,8527
1613829860.568049,16,short_path,37646,152454,152408
1613829860.5687559,0,long_path,8220,8488,8524
1613829860.642724,16,short_path,37461,151924,151900
1613829860.6431649,0,long_path,8228,8530,8523
1613829860.762305,16,short_path,37258,151071,151037
1613829860.7627058,0,long_path,8502,8458,8460
1613829860.8376691,16,short_path,37795,151195,151131
1613829860.838146,0,long_path,8574,8501,8528
1613829860.9276018,16,short_path,37349,151388,151373
1613829860.9280572,0,long_path,8306,8536,8460
1613829861.0022452,16,short_path,37308,151157,151134
1613829861.002759,0,long_path,8243,8487,8494
1613829861.0923278,16,short_path,37283,150959,151534
1613829861.092653,0,long_path,8261,8532,8768
1613829861.19749,16,short_path,37357,151103,151030
1613829861.1979,0,long_path,8280,8499,8534
1613829861.287918,16,short_path,37394,151067,151050
1613829861.2884,0,long_path,8242,8474,8575
1613829861.378304,16,short_path,37436,151169,151106
1613829861.378655,0,long_path,8237,8524,8508
1613829861.467243,16,short_path,37394,151193,151136
1613829861.467689,0,long_path,8228,8504,8496
1613829861.557353,16,short_path,37297,150913,150910
1613829861.557687,0,long_path,8257,8481,8494
1613829861.633064,16,short_path,37296,150718,150697
1613829861.633478,0,long_path,8227,19658,8449
1613829861.737879,16,short_path,37273,150763,150736
1613829861.7382789,0,long_path,8470,8459,8515
1613829861.8126929,16,short_path,37278,150765,150609
1613829861.813233,0,long_path,8215,8462,8462
1613829861.917662,16,short_path,37288,150865,150840
1613829861.918219,0,long_path,8264,8599,8501
1613829861.9925919,16,short_path,37290,150937,150148
1613829861.9930072,0,long_path,8215,8459,7984
1613829862.098131,16,short_path,37264,150886,150783
1613829862.098551,0,long_path,8285,8529,8486
1613829862.187928,16,short_path,37126,150668,150612
1613829862.188454,0,long_path,8241,8492,8483
1613829862.2775779,16,short_path,37271,150771,150736
1613829862.277984,0,long_path,8208,8493,8543
1613829862.367638,16,short_path,37267,150770,150710
1613829862.3680809,0,long_path,8273,8439,8473
1613829862.442633,16,short_path,37267,150760,150764
1613829862.443176,0,long_path,8296,8487,8451
1613829862.532563,16,short_path,37270,150861,150820
1613829862.532959,0,long_path,8485,8468,8494
1613829862.623254,16,short_path,37252,150787,150749
1613829862.6237628,0,long_path,8282,19708,8501
1613829862.727613,16,short_path,37273,150664,150623
1613829862.7281039,0,long_path,8260,8492,8471
1613829862.817624,16,short_path,37278,150664,150542
1613829862.8179672,0,long_path,8262,8356,8486
1613829862.907423,16,short_path,37307,150798,151071
1613829862.9077492,0,long_path,8238,8499,8649
1613829862.982359,16,short_path,37262,150846,150702
1613829862.9826891,0,long_path,8249,8517,8507
1613829863.0876758,16,short_path,37243,150795,150737
1613829863.0880058,0,long_path,8258,8478,8507
1613829863.177598,16,short_path,37150,150313,150272
1613829863.178072,0,long_path,8260,8507,8526
1613829863.267997,16,short_path,37183,150199,150166
1613829863.268532,0,long_path,8257,8485,8521
1613829863.3580759,16,short_path,37303,150231,150171
1613829863.3586,0,long_path,8253,8471,8522
1613829863.4480488,16,short_path,37185,150139,150094
1613829863.448433,0,long_path,8200,8504,8472
1613829863.522947,16,short_path,37227,150195,150198
1613829863.5234492,0,long_path,8517,8523,8496
1613829863.612289,16,short_path,37328,150456,150399
1613829863.612841,0,long_path,8263,8514,8498
1613829863.717582,16,short_path,37266,150157,150061
1613829863.717985,0,long_path,8240,8629,8546
1613829863.807789,16,short_path,37273,149935,149932
1613829863.8082402,0,long_path,8249,8455,8499
1613829863.883074,16,short_path,37215,149807,150097
1613829863.883583,0,long_path,8238,8420,8756
1613829863.973286,16,short_path,37057,149210,149186
1613829863.9879942,0,long_path,8281,8508,8501
1613829864.077461,16,short_path,37038,149174,149166
1613829864.077814,0,long_path,8253,8478,8495
1613829864.167857,16,short_path,37000,149139,149096
1613829864.1683571,0,long_path,8218,8524,8547
1613829864.257643,16,short_path,36931,148592,148514
1613829864.258156,0,long_path,8263,8481,8475
1613829864.362952,16,short_path,36889,148539,148519
1613829864.363517,0,long_path,8274,8490,8533
1613829864.422807,16,short_path,36952,148574,148547
1613829864.423336,0,long_path,8249,17545,8434
1613829864.512864,16,short_path,36969,148557,148521
1613829864.513429,0,long_path,8251,8491,8522
1613829864.618009,16,short_path,37026,148811,148774
1613829864.6183949,0,long_path,8252,8484,8523
1613829864.692448,16,short_path,37078,148869,148862
1613829864.692799,0,long_path,8295,8640,8514
1613829864.798007,16,short_path,36992,148501,148224
1613829864.798333,0,long_path,8209,8483,8474
1613829864.887763,16,short_path,36970,148284,148269
1613829864.888319,0,long_path,8236,8470,8466
1613829864.962799,16,short_path,36929,148277,148236
1613829864.9632761,0,long_path,8255,8472,8510
1613829865.0807319,16,short_path,36949,148169,148119
1613829865.0811148,0,long_path,8230,8467,8476
1613829865.1435452,16,short_path,36935,148071,148037
1613829865.144007,0,long_path,8225,8509,8495
1613829865.232404,16,short_path,36990,148146,148110
1613829865.2327402,0,long_path,8289,8463,8503
1613829865.322565,16,short_path,37007,148302,148277
1613829865.32303,0,long_path,8504,8492,8499
1613829865.412687,16,short_path,37049,148509,148469
1613829865.4132512,0,long_path,8254,17447,8448
1613829865.502972,16,short_path,36986,148258,148218
1613829865.503325,0,long_path,8292,8511,8470
1613829865.607733,16,short_path,37020,148026,148260
1613829865.608107,0,long_path,8261,8383,8475
1613829865.697789,16,short_path,37041,148464,148700
1613829865.698228,0,long_path,8231,8478,8697
1613829865.772655,16,short_path,37094,148591,148363
1613829865.773034,0,long_path,8289,8486,8351
1613829865.8776488,16,short_path,37117,148737,148722
1613829865.878083,0,long_path,8277,8508,8416
1613829865.967566,16,short_path,37157,148965,148924
1613829865.9681962,0,long_path,8311,8518,8497
1613829866.0426722,16,short_path,37168,149122,149104
1613829866.0431218,0,long_path,8224,8499,8496
1613829866.133292,16,short_path,37249,149118,149083
1613829866.133755,0,long_path,8265,8451,8573
1613829866.237586,16,short_path,37147,148988,148961
1613829866.2380722,0,long_path,8279,8481,8468
1613829866.328309,16,short_path,37121,149085,149049
1613829866.328866,0,long_path,8498,8494,8476
1613829866.403263,16,short_path,37053,149117,149025
1613829866.403811,0,long_path,8163,8479,8469
1613829866.507798,16,short_path,37151,149040,149033
1613829866.508192,0,long_path,8240,8469,8492
1613829866.612534,16,short_path,37158,149148,149204
1613829866.6129332,0,long_path,8272,8387,8488
1613829866.68836,16,short_path,37212,149403,149950
1613829866.688917,0,long_path,8267,8521,8859
1613829866.762976,16,short_path,37215,149376,149344
1613829866.763362,0,long_path,8290,8495,8508
1613829866.867797,16,short_path,37135,149005,148973
1613829866.868268,0,long_path,8241,8517,8492
1613829866.943139,16,short_path,37342,149040,149023
1613829866.943619,0,long_path,8236,8494,8552
1613829867.0329,16,short_path,37143,149177,149165
1613829867.033328,0,long_path,8242,8530,8476
1613829867.1229389,16,short_path,37100,149030,148945
1613829867.123334,0,long_path,8246,8538,8455
1613829867.227513,16,short_path,37204,149410,149379
1613829867.2279801,0,long_path,8271,8499,8493
1613829867.317846,16,short_path,37221,149530,149521
1613829867.3183072,0,long_path,8491,8518,8470
1613829867.407778,16,short_path,37149,149488,149250
1613829867.4082491,0,long_path,8256,8508,8458
1613829867.498118,16,short_path,37192,149423,149374
1613829867.498658,0,long_path,8220,8876,8473
1613829867.5728881,16,short_path,37198,149607,149327
1613829867.573487,0,long_path,8211,8479,8315
1613829867.6778722,16,short_path,37194,149592,149562
1613829867.678613,0,long_path,8212,8474,8450
1613829867.7674508,16,short_path,37241,149679,149621
1613829867.7678149,0,long_path,8260,8469,8491
1613829867.8472362,16,short_path,37248,149775,149749
1613829867.8475761,0,long_path,8256,8479,8433
1613829867.9323578,16,short_path,37280,149922,149940
1613829867.932887,0,long_path,8307,8493,8476
1613829868.0377102,16,short_path,37247,149687,149630
1613829868.038322,0,long_path,8251,8461,8486
1613829868.127272,16,short_path,37268,149702,149635
1613829868.127743,0,long_path,8243,8531,8447
1613829868.202668,16,short_path,37286,149839,149822
1613829868.203084,0,long_path,8249,18756,8484
1613829868.293171,16,short_path,37280,149820,149813
1613829868.2937841,0,long_path,8246,8464,8474
1613829868.40081,16,short_path,37276,149322,149833
1613829868.4013388,0,long_path,8279,8032,8473
1613829868.487454,16,short_path,37284,149945,149899
1613829868.4879448,0,long_path,8264,8449,8456
1613829868.562773,16,short_path,37249,149856,149850
1613829868.563173,0,long_path,8212,8434,8486
1613829868.667742,16,short_path,37212,149650,149571
1613829868.668161,0,long_path,8260,8424,8449
1613829868.742914,16,short_path,37185,149560,149529
1613829868.743314,0,long_path,8254,8451,8441
1613829868.832779,16,short_path,37243,149745,149697
1613829868.833227,0,long_path,8299,8490,8530
1613829868.937697,16,short_path,37257,149992,149950
1613829868.9380858,0,long_path,8233,8551,8466
1613829869.0274339,16,short_path,37380,150314,150267
1613829869.027946,0,long_path,8232,8476,8469
1613829869.102462,16,short_path,37384,150327,150295
1613829869.1031098,0,long_path,8476,8489,8482
1613829869.19293,16,short_path,37206,150159,150180
1613829869.2078102,0,long_path,8211,8530,8481
1613829869.2974908,16,short_path,37267,149939,149916
1613829869.312991,0,long_path,8291,8616,8486
1613829869.387758,16,short_path,37271,149813,149946
1613829869.388154,0,long_path,8283,8385,8449
1613829869.477281,16,short_path,37260,149947,149925
1613829869.477802,0,long_path,8285,8507,8456
1613829869.5529768,16,short_path,37255,149992,149961
1613829869.582787,0,long_path,8250,8494,8506
1613829869.657811,16,short_path,37250,149983,149915
1613829869.658329,0,long_path,8226,8453,8421
1613829869.732362,16,short_path,37338,149980,149945
1613829869.732922,0,long_path,8227,8473,8496
1613829869.837785,16,short_path,37203,149763,149707
1613829869.8381,0,long_path,8281,8491,8490
1613829869.927789,16,short_path,37213,149870,149811
1613829869.928224,0,long_path,8244,8505,8443
1613829870.0026822,16,short_path,37231,149991,149932
1613829870.0032609,0,long_path,8230,18921,8472
1613829870.107799,16,short_path,37282,150134,150118
1613829870.108242,0,long_path,8508,8470,8512
1613829870.182919,16,short_path,37302,150324,150328
1613829870.1832378,0,long_path,8258,8492,8478
1613829870.287889,16,short_path,37313,150315,150331
1613829870.288437,0,long_path,8212,8496,8462
1613829870.362302,16,short_path,37243,150033,149989
1613829870.362755,0,long_path,8258,8524,8496
1613829870.467647,16,short_path,37273,150017,149975
1613829870.46801,0,long_path,8218,8489,8474
1613829870.542433,16,short_path,37159,150177,150173
1613829870.5430322,0,long_path,8264,8474,8458
1613829870.647372,16,short_path,37271,150187,150171
1613829870.647996,0,long_path,8281,8454,8486
1613829870.723051,16,short_path,37123,150306,150277
1613829870.723466,0,long_path,8229,8463,8507
1613829870.813205,16,short_path,37317,150364,150347
1613829870.81367,0,long_path,8292,8490,8505
1613829870.902573,16,short_path,37253,150187,150155
1613829870.9030988,0,long_path,8500,8447,8508
1613829870.992687,16,short_path,37256,150066,150013
1613829870.9930859,0,long_path,8267,18978,8463
1613829871.0975602,16,short_path,37623,150185,150175
1613829871.0981681,0,long_path,8206,8456,8552
1613829871.173033,16,short_path,37285,150023,150094
1613829871.173447,0,long_path,8260,8203,8482
1613829871.277479,16,short_path,37298,150257,150236
1613829871.277793,0,long_path,8243,8459,8450
1613829871.367656,16,short_path,37329,150472,150453
1613829871.367975,0,long_path,8213,8484,8463
1613829871.457834,16,short_path,37408,150881,150811
1613829871.458236,0,long_path,8297,8481,8525
1613829871.577736,16,short_path,37378,150746,150709
1613829871.57826,0,long_path,8225,8456,8474
1613829871.622968,16,short_path,37429,151020,150977
1613829871.623404,0,long_path,8254,8440,8459
1613829871.712821,16,short_path,37628,151334,151318
1613829871.713436,0,long_path,8251,8478,8481
1613829871.802895,16,short_path,37512,151424,151389
1613829871.803461,0,long_path,8227,8483,8464
1613829871.9089322,16,short_path,37527,151548,151483
1613829871.9096608,0,long_path,8448,8446,8449
1613829871.998355,16,short_path,37272,151719,151596
1613829871.998862,0,long_path,8030,8458,8492
1613829872.073183,16,short_path,37548,151676,151642
1613829872.07374,0,long_path,8234,8458,8511
1613829872.163423,16,short_path,37573,151718,151840
1613829872.1639621,0,long_path,8269,8376,8524
1613829872.253428,16,short_path,37608,151988,151959
1613829872.253962,0,long_path,8238,8444,8473
1613829872.343013,16,short_path,37631,152031,152018
1613829872.343461,0,long_path,8293,8408,8473
1613829872.448055,16,short_path,37651,152148,152105
1613829872.4486132,0,long_path,8291,8472,8492
1613829872.523408,16,short_path,37789,152286,152268
1613829872.5238779,0,long_path,8256,8461,8468
1613829872.629013,16,short_path,37623,152201,152180
1613829872.629838,0,long_path,8234,8449,8455
1613829872.718164,16,short_path,37785,152270,152251
1613829872.718624,0,long_path,8269,8518,8504
1613829872.808245,16,short_path,37667,152386,152373
1613829872.8087301,0,long_path,8232,21339,8473
1613829872.898327,16,short_path,37656,152334,152254
1613829872.898908,0,long_path,8483,8465,8465
1613829872.973226,16,short_path,37593,152187,152103
1613829872.973731,0,long_path,8240,8508,8461
1613829873.078354,16,short_path,37616,152162,152074
1613829873.07886,0,long_path,8285,8823,8483
1613829873.168211,16,short_path,37545,151666,151354
1613829873.168674,0,long_path,8262,8486,8273
1613829873.2880561,16,short_path,37558,151632,151573
1613829873.288525,0,long_path,8300,8525,8515
1613829873.332978,16,short_path,37419,151759,151727
1613829873.333303,0,long_path,8216,8468,8463
1613829873.423548,16,short_path,37593,151758,151709
1613829873.4239051,0,long_path,8280,8462,8517
1613829873.5128179,16,short_path,37601,151829,151778
1613829873.513288,0,long_path,8237,8488,8456
1613829873.6178088,16,short_path,37557,151740,151681
1613829873.61822,0,long_path,8266,8467,8512
1613829873.708276,16,short_path,37794,151572,151515
1613829873.708736,0,long_path,8291,8483,8483
1613829873.782929,16,short_path,37699,151902,151885
1613829873.7833862,0,long_path,8243,20862,8500
1613829873.872929,16,short_path,37611,151432,151317
1613829873.873365,0,long_path,8235,8514,8497
1613829873.963205,16,short_path,37362,150814,150690
1613829873.9636018,0,long_path,8263,8602,8480
1613829874.068131,16,short_path,37495,151245,151270
1613829874.068724,0,long_path,8242,8511,8488
1613829874.143569,16,short_path,37532,151390,151029
1613829874.144025,0,long_path,8282,8509,8297
1613829874.24962,16,short_path,37485,151145,151099
1613829874.250122,0,long_path,8259,8485,8516
1613829874.337932,16,short_path,37431,150849,150793
1613829874.338424,0,long_path,8241,8501,8521
1613829874.413795,16,short_path,37393,150703,150677
1613829874.4142709,0,long_path,8242,8507,8422
1613829874.51794,16,short_path,37583,150807,150735
1613829874.518492,0,long_path,8310,8493,8485
1613829874.607743,16,short_path,37497,151027,150986
1613829874.608289,0,long_path,8216,8499,8448
1613829874.6977248,16,short_path,37525,151088,151044
1613829874.6981041,0,long_path,8508,8498,8480
1613829874.802594,16,short_path,37442,150994,150969
1613829874.8032582,0,long_path,8183,8476,8469
1613829874.877743,16,short_path,37622,151183,151168
1613829874.8780942,0,long_path,8240,8635,8523
1613829874.968096,16,short_path,37694,151475,151503
1613829874.968624,0,long_path,8275,8412,8532
1613829875.0579042,16,short_path,37665,151516,151896
1613829875.058357,0,long_path,8251,8522,8792
1613829875.177614,16,short_path,37652,151480,151414
1613829875.17805,0,long_path,8271,8545,8528
1613829875.238236,16,short_path,37617,151438,151372
1613829875.238932,0,long_path,8238,8476,8481
1613829875.328188,16,short_path,37555,151030,151005
1613829875.3286998,0,long_path,8297,8531,8492
1613829875.418303,16,short_path,37534,150986,150929
1613829875.418734,0,long_path,8281,8515,8475
1613829875.493734,16,short_path,37523,150987,150926
1613829875.4941928,0,long_path,8274,8494,8478
1613829875.583763,16,short_path,37505,150927,150869
1613829875.584238,0,long_path,8260,19862,8462
1613829875.687844,16,short_path,37505,150953,150929
1613829875.688522,0,long_path,8520,8478,8498
1613829875.777729,16,short_path,37497,151088,151080
1613829875.778225,0,long_path,8228,8501,8449
1613829875.853531,16,short_path,37522,150899,150862
1613829875.854122,0,long_path,8258,8535,8491
1613829875.9427168,16,short_path,37517,150949,150902
1613829875.9431522,0,long_path,8240,8519,8480
1613829876.048288,16,short_path,37553,151019,150958
1613829876.048674,0,long_path,8229,8455,8462
1613829876.123743,16,short_path,37435,150962,150931
1613829876.124205,0,long_path,8298,8520,8489
1613829876.228309,16,short_path,37546,151000,150937
1613829876.2289438,0,long_path,8306,8512,8482
1613829876.303139,16,short_path,37427,151123,151081
1613829876.3035069,0,long_path,8246,8514,8507
1613829876.3936589,16,short_path,37437,150742,150699
1613829876.3944871,0,long_path,8270,8506,8523
1613829876.483127,16,short_path,37457,150677,150622
1613829876.483587,0,long_path,8520,8447,8515
1613829876.572948,16,short_path,37483,150929,150865
1613829876.573345,0,long_path,8265,19839,8466
1613829876.678808,16,short_path,37862,151137,151144
1613829876.679893,0,long_path,8221,8488,8557
1613829876.768047,16,short_path,37549,151503,151441
1613829876.768629,0,long_path,8276,8461,8508
1613829876.857588,16,short_path,37573,151537,151534
1613829876.8579688,0,long_path,8264,8477,8498
1613829876.977648,16,short_path,37548,151492,151556
1613829876.978088,0,long_path,8255,8555,8526
1613829877.0227818,16,short_path,37577,151452,151409
1613829877.02318,0,long_path,8264,8519,8490
1613829877.1146328,16,short_path,37474,151671,151618
1613829877.115453,0,long_path,8264,8463,8454
1613829877.2177,16,short_path,37618,151739,151730
1613829877.2180538,0,long_path,8281,8497,8448
1613829877.293091,16,short_path,37380,151834,151802
1613829877.293926,0,long_path,8256,8521,8470
1613829877.3831732,16,short_path,37644,151959,151916
1613829877.383666,0,long_path,8244,8444,8479
1613829877.472605,16,short_path,37618,151797,151774
1613829877.4729311,0,long_path,8545,8509,8532
1613829877.5776498,16,short_path,37075,151818,151727
1613829877.577995,0,long_path,7819,8482,8460
1613829877.667671,16,short_path,37626,151956,151919
1613829877.668132,0,long_path,8257,8449,8470
1613829877.74351,16,short_path,37639,151955,151919
1613829877.7441258,0,long_path,8267,8481,8455
1613829877.848819,16,short_path,37646,152007,151817
1613829877.8498182,0,long_path,8286,8553,8362
1613829877.92319,16,short_path,37639,152146,152117
1613829877.923669,0,long_path,8224,8461,8512
1613829878.028091,16,short_path,37593,151841,151793
1613829878.028548,0,long_path,8286,8523,8567
1613829878.11806,16,short_path,37556,151763,151772
1613829878.118516,0,long_path,8259,8481,8483
1613829878.193352,16,short_path,37653,151941,151907
1613829878.19384,0,long_path,8317,8462,8488
1613829878.2843132,16,short_path,37650,152085,152086
1613829878.298212,0,long_path,8228,8501,8516
1613829878.385632,16,short_path,37741,152222,152169
1613829878.386025,0,long_path,8272,8454,8478
1613829878.477864,16,short_path,37705,152178,152170
1613829878.478391,0,long_path,8487,8456,8495
1613829878.567636,16,short_path,37457,151663,151631
1613829878.568001,0,long_path,8168,8496,8509
1613829878.671488,16,short_path,37612,151657,151598
1613829878.6719308,0,long_path,8260,8503,8508
1613829878.763496,16,short_path,37637,151615,151690
1613829878.777969,0,long_path,8237,8465,8530
1613829878.8383,16,short_path,37614,151558,151440
1613829878.838878,0,long_path,8315,8487,8460
1613829878.928372,16,short_path,37411,151567,151530
1613829878.928743,0,long_path,8247,8531,8466
1613829879.0181692,16,short_path,37605,151563,151518
1613829879.0187032,0,long_path,8241,8473,8501
1613829879.0927858,16,short_path,37439,151140,151078
1613829879.093249,0,long_path,8270,8477,8434
1613829879.183017,16,short_path,37485,150880,150847
1613829879.183578,0,long_path,8239,8466,8477
1613829879.273095,16,short_path,37568,150767,150731
1613829879.273785,0,long_path,8275,8464,8503
1613829879.362648,16,short_path,37436,150617,150601
1613829879.362973,0,long_path,8243,19545,8464
1613829879.455202,16,short_path,37278,150548,150539
1613829879.4562602,0,long_path,8222,8472,8511
1613829879.587946,16,short_path,37453,150617,150287
1613829879.61838,0,long_path,8251,8470,8466
1613829879.633836,16,short_path,37436,150566,150534
1613829879.6343849,0,long_path,8259,8496,8450
1613829879.723237,16,short_path,37408,150564,150664
1613829879.723706,0,long_path,8272,8515,8553
1613829879.813385,16,short_path,37328,150063,150004
1613829879.813887,0,long_path,8240,8487,8459
1613829879.90373,16,short_path,37170,150003,149942
1613829879.918078,0,long_path,8277,8486,8505
1613829880.008296,16,short_path,37337,150013,149957
1613829880.023245,0,long_path,8268,8521,8463
1613829880.09839,16,short_path,37240,149917,149856
1613829880.099025,0,long_path,8275,8476,8407
1613829880.173271,16,short_path,37317,149969,149929
1613829880.1884658,0,long_path,8243,8483,8444
1613829880.277866,16,short_path,37371,150077,150018
1613829880.292995,0,long_path,8469,8490,8437
1613829880.367873,16,short_path,36906,150192,150147
1613829880.3683488,0,long_path,8068,8518,8466
1613829880.457986,16,short_path,37362,150233,150165
1613829880.458448,0,long_path,8303,8496,8504
1613829880.577881,16,short_path,37311,150056,149838
1613829880.578302,0,long_path,8239,8599,8455
1613829880.662082,16,short_path,37321,149937,149911
1613829880.662482,0,long_path,8193,8480,8481
1613829880.743339,16,short_path,37330,150100,150060
1613829880.743747,0,long_path,8221,8437,8460
1613829880.818166,16,short_path,37330,150058,150033
1613829880.8186948,0,long_path,8251,8457,8498
1613829880.893337,16,short_path,37269,150223,150169
1613829880.893736,0,long_path,8306,8492,8485
1613829880.983103,16,short_path,37363,150335,150309
1613829880.98347,0,long_path,8245,8496,8460
1613829881.08811,16,short_path,37490,150390,150347
1613829881.088577,0,long_path,8198,8481,8447
1613829881.163092,16,short_path,37289,150132,150093
1613829881.1636128,0,long_path,8268,8488,8468
1613829881.253222,16,short_path,37266,149918,149865
1613829881.253749,0,long_path,8464,8549,8512
1613829881.357802,16,short_path,37213,149856,149767
1613829881.3582652,0,long_path,8208,8491,8466
1613829881.447975,16,short_path,37269,149811,149738
1613829881.4483788,0,long_path,8260,8831,8451
1613829881.523686,16,short_path,37252,149774,149789
1613829881.524238,0,long_path,8223,8433,8452
1613829881.628362,16,short_path,37281,149835,149767
1613829881.628878,0,long_path,8267,8502,8447
1613829881.703493,16,short_path,37152,149881,149838
1613829881.703955,0,long_path,8259,8484,8475
1613829881.808084,16,short_path,37270,149948,149915
1613829881.823092,0,long_path,8242,8491,8464
1613829881.8989062,16,short_path,37301,149728,149679
1613829881.899302,0,long_path,8227,8469,8521
1613829881.973763,16,short_path,37294,149739,149672
1613829881.9741719,0,long_path,8270,8464,8517
1613829882.0779321,16,short_path,37253,149931,149881
1613829882.0783591,0,long_path,8236,8447,8486
1613829882.168166,16,short_path,37314,149936,149897
1613829882.168471,0,long_path,8249,8460,8467
1613829882.2577028,16,short_path,37879,150115,150066
1613829882.258135,0,long_path,8287,8485,8424
1613829882.362854,16,short_path,37389,149994,150020
1613829882.363512,0,long_path,8282,8306,8468
1613829882.422845,16,short_path,37371,150315,150354
1613829882.42321,0,long_path,8313,8461,8485
1613829882.527786,16,short_path,37306,150038,150184
1613829882.5281239,0,long_path,8302,8513,8652
1613829882.6180851,16,short_path,37323,150049,150026
1613829882.618447,0,long_path,8276,8461,8492
1613829882.707954,16,short_path,37168,150268,150220
1613829882.723068,0,long_path,8264,8472,8508
1613829882.782961,16,short_path,37328,150266,150216
1613829882.783382,0,long_path,8231,8501,8444
1613829882.8730721,16,short_path,37533,150502,150459
1613829882.8733969,0,long_path,8261,8534,8466
1613829882.977837,16,short_path,37441,150762,150728
1613829882.9782321,0,long_path,8229,8490,8536
1613829883.06778,16,short_path,37477,151061,151004
1613829883.068107,0,long_path,8469,8505,8470
1613829883.157685,16,short_path,37275,151033,150970
1613829883.158006,0,long_path,8117,8465,8454
1613829883.248126,16,short_path,37515,151239,151232
1613829883.2485309,0,long_path,8246,8448,8450
1613829883.3233302,16,short_path,37572,151586,151484
1613829883.323717,0,long_path,8224,8498,8472
1613829883.413961,16,short_path,37582,151544,150972
1613829883.414458,0,long_path,8263,8441,8139
1613829883.503189,16,short_path,37574,151617,151557
1613829883.503597,0,long_path,8305,8538,8482
1613829883.602137,16,short_path,37618,151740,151751
1613829883.603072,0,long_path,8249,8483,8450
1613829883.712817,16,short_path,37417,151945,151875
1613829883.7131488,0,long_path,8221,8486,8436
1613829883.7727811,16,short_path,37649,152105,152031
1613829883.7735198,0,long_path,8242,8441,8489
1613829883.8779058,16,short_path,37734,152274,152237
1613829883.878423,0,long_path,8290,8498,8465
1613829883.967818,16,short_path,37707,152510,152468
1613829883.96826,0,long_path,8281,8512,8491
1613829884.0577312,16,short_path,37667,152389,152304
1613829884.058162,0,long_path,8459,8500,8433
1613829884.162771,16,short_path,37343,152280,152119
1613829884.163127,0,long_path,8061,8531,8515
1613829884.223865,16,short_path,37694,152336,152279
1613829884.2242281,0,long_path,8220,8446,8492
1613829884.312725,16,short_path,37671,152371,152568
1613829884.3283682,0,long_path,8274,8470,8476
1613829884.417845,16,short_path,37618,152178,151847
1613829884.4181812,0,long_path,8226,8463,8374
1613829884.5078778,16,short_path,37662,152162,152142
1613829884.508309,0,long_path,8239,8437,8486
1613829884.583788,16,short_path,37647,152301,152249
1613829884.584455,0,long_path,8298,8486,8485
1613829884.688247,16,short_path,37795,152252,152212
1613829884.68872,0,long_path,8255,8480,8486
1613829884.778293,16,short_path,37654,152288,152232
1613829884.779022,0,long_path,8244,8506,8468
1613829884.8532119,16,short_path,37870,152348,152298
1613829884.853746,0,long_path,8266,8477,8466
1613829884.958276,16,short_path,37593,152015,151978
1613829884.958838,0,long_path,8253,20974,8457
1613829885.047935,16,short_path,37587,151862,151807
1613829885.048405,0,long_path,8256,8467,8449
1613829885.1382241,16,short_path,37582,151957,151829
1613829885.1388302,0,long_path,8302,8495,8521
1613829885.2282019,16,short_path,37559,151934,151887
1613829885.22869,0,long_path,8222,8449,8487
1613829885.3032541,16,short_path,37569,151922,152259
1613829885.303784,0,long_path,8234,8465,8732
1613829885.393735,16,short_path,37580,152001,151939
1613829885.394349,0,long_path,8261,8460,8487
1613829885.483933,16,short_path,37444,152023,151964
1613829885.484334,0,long_path,8249,8507,8491
1613829885.5887759,16,short_path,37480,151533,151517
1613829885.5890749,0,long_path,8250,8489,8410
1613829885.6780381,16,short_path,37544,151546,151465
1613829885.678663,0,long_path,8236,8470,8494
1613829885.7682428,16,short_path,37492,151507,151467
1613829885.7687721,0,long_path,8257,8453,8529
1613829885.858268,16,short_path,37484,151449,151388
1613829885.858773,0,long_path,8489,8506,8515
1613829885.933275,16,short_path,37185,151501,151447
1613829885.933735,0,long_path,8062,8470,8524
1613829886.023689,16,short_path,37507,151554,151519
1613829886.024089,0,long_path,8231,8440,8455
1613829886.113033,16,short_path,37502,151688,151493
1613829886.113554,0,long_path,8247,8613,8491
1613829886.217702,16,short_path,37447,151204,150289
1613829886.218136,0,long_path,8253,8490,7949
1613829886.3081348,16,short_path,37455,151281,151213
1613829886.308554,0,long_path,8197,8526,8470
1613829886.3982651,16,short_path,37487,151343,151313
1613829886.398779,0,long_path,8261,8486,8421
1613829886.4879308,16,short_path,37480,151455,151429
1613829886.488357,0,long_path,8232,8513,8471
1613829886.577782,16,short_path,37596,151646,151621
1613829886.5781991,0,long_path,8304,8454,8501
1613829886.6832662,16,short_path,37612,151849,151797
1613829886.6837718,0,long_path,8256,8529,8470
1613829886.7584739,16,short_path,37615,151943,151885
1613829886.759018,0,long_path,8303,8476,8453
1613829886.8479779,16,short_path,37571,151663,151605
1613829886.848383,0,long_path,8471,8524,8475
1613829886.938231,16,short_path,37582,151641,151590
1613829886.938694,0,long_path,8304,8513,8497
1613829887.028221,16,short_path,37568,151817,151793
1613829887.028676,0,long_path,8273,8252,8474
1613829887.118519,16,short_path,37588,151799,151758
1613829887.118929,0,long_path,8298,8480,8476
1613829887.193245,16,short_path,37607,151871,151565
1613829887.1937752,0,long_path,8223,8446,8254
1613829887.2982569,16,short_path,37418,152026,151962
1613829887.2987862,0,long_path,8234,8519,8447
1613829887.388603,16,short_path,37611,152062,152024
1613829887.3891761,0,long_path,8268,8479,8494
1613829887.463562,16,short_path,37429,151614,151562
1613829887.464149,0,long_path,8236,8533,8471
1613829887.568296,16,short_path,37528,151601,151567
1613829887.568764,0,long_path,8219,8484,8452
1613829887.6587698,16,short_path,37450,151648,151602
1613829887.659342,0,long_path,8260,8503,8474
1613829887.777973,16,short_path,37502,151529,151475
1613829887.778476,0,long_path,8221,20447,8473
1613829887.838103,16,short_path,37492,151531,151489
1613829887.838597,0,long_path,8246,8493,8464
1613829887.913857,16,short_path,37520,151642,151325
1613829887.914313,0,long_path,8292,8543,8481
1613829888.0184581,16,short_path,37450,151378,151288
1613829888.0188391,0,long_path,8247,8472,8536
1613829888.107933,16,short_path,37418,151086,150937
1613829888.108418,0,long_path,8252,8497,8424
1613829888.18315,16,short_path,37420,151136,151079
1613829888.1835551,0,long_path,8295,8541,8450
1613829888.273385,16,short_path,37378,151095,151080
1613829888.273758,0,long_path,8280,8484,8496
1613829888.378276,16,short_path,37445,151083,151044
1613829888.3788102,0,long_path,8260,8477,8500
1613829888.453421,16,short_path,37398,151103,151070
1613829888.453909,0,long_path,8247,8485,8483
1613829888.55809,16,short_path,37432,151170,151118
1613829888.558609,0,long_path,8253,8497,8453
1613829888.648222,16,short_path,37335,150620,150558
1613829888.6486259,0,long_path,8493,8467,8475
1613829888.738532,16,short_path,37373,150517,150495
1613829888.7390258,0,long_path,8276,19451,8456
1613829888.813876,16,short_path,37081,150489,150428
1613829888.814334,0,long_path,8288,8527,8444
1613829888.918292,16,short_path,37309,150266,150354
1613829888.918849,0,long_path,8280,8402,8475
1613829889.0079749,16,short_path,37323,150400,150555
1613829889.0083451,0,long_path,8214,8487,8630
1613829889.083284,16,short_path,37325,150432,150252
1613829889.083748,0,long_path,8245,8507,8377
1613829889.1882591,16,short_path,37357,150530,150484
1613829889.188808,0,long_path,8236,8461,8452
1613829889.278232,16,short_path,37124,150022,150012
1613829889.2786958,0,long_path,8245,8432,8484
1613829889.368408,16,short_path,37286,150090,150040
1613829889.368871,0,long_path,8253,8534,8533
1613829889.458255,16,short_path,37348,150318,150260
1613829889.458783,0,long_path,8270,8542,8495
1613829889.578326,16,short_path,37378,150507,150434
1613829889.578849,0,long_path,8221,8468,8455
1613829889.623263,16,short_path,37400,150536,150489
1613829889.623808,0,long_path,8481,8502,8527
1613829889.728252,16,short_path,37368,150605,150530
1613829889.728731,0,long_path,8249,8458,8455
1613829889.81803,16,short_path,37397,150645,150620
1613829889.818484,0,long_path,8262,8600,8488
1613829889.893918,16,short_path,37356,150499,150490
1613829889.89438,0,long_path,8271,8424,8455
1613829889.998071,16,short_path,37353,150409,150360
1613829890.028607,0,long_path,8239,8511,8500
1613829890.0730429,16,short_path,37371,150522,150448
1613829890.073461,0,long_path,8252,8471,8451
1613829890.163956,16,short_path,37400,150519,150486
1613829890.1645,0,long_path,8294,8459,8478
1613829890.268455,16,short_path,37276,150491,150450
1613829890.268987,0,long_path,8258,8435,8433
1613829890.3432908,16,short_path,37378,150502,150491
1613829890.3438249,0,long_path,8272,8437,8475
1613829890.447725,16,short_path,37335,150525,150486
1613829890.448591,0,long_path,8249,8466,8497
1613829890.523686,16,short_path,37339,150519,150483
1613829890.524134,0,long_path,8246,19439,8418
1613829890.6285172,16,short_path,37252,149988,149945
1613829890.628994,0,long_path,8444,8513,8507
1613829890.703038,16,short_path,37227,149799,149814
1613829890.703477,0,long_path,8239,8483,8495
1613829890.808597,16,short_path,37216,149772,149724
1613829890.808979,0,long_path,8263,8601,8441
1613829890.898274,16,short_path,37204,149705,149678
1613829890.898797,0,long_path,8255,8518,8466
1613829890.97391,16,short_path,37242,149761,149739
1613829890.974454,0,long_path,8277,8512,8510
1613829891.063495,16,short_path,37186,149853,149808
1613829891.0639381,0,long_path,8239,8480,8494
1613829891.168056,16,short_path,37267,150004,149954
1613829891.1686249,0,long_path,8233,8481,8477
1613829891.2580538,16,short_path,37220,149606,149546
1613829891.25858,0,long_path,8286,8470,8491
1613829891.333608,16,short_path,37158,149355,149317
1613829891.334143,0,long_path,8280,8520,8466
1613829891.4382741,16,short_path,37146,149269,149235
1613829891.438719,0,long_path,8512,8483,8476
1613829891.528262,16,short_path,37187,149176,149155
1613829891.5287821,0,long_path,8273,18122,8458
1613829891.618356,16,short_path,36914,149138,149082
1613829891.618909,0,long_path,8284,8466,8481
1613829891.708416,16,short_path,37095,149004,149000
1613829891.70888,0,long_path,8254,8416,8433
1613829891.798642,16,short_path,37105,149133,149388
1613829891.7991061,0,long_path,8249,8489,8590
1613829891.8884149,16,short_path,37108,149095,148949
1613829891.888953,0,long_path,8242,8442,8387
1613829891.9635909,16,short_path,37113,149185,149146
1613829891.964117,0,long_path,8253,8458,8447
1613829892.068635,16,short_path,36873,148823,148774
1613829892.069391,0,long_path,8222,8462,8486
1613829892.1585321,16,short_path,37090,148787,148753
1613829892.159018,0,long_path,8231,8482,8493
1613829892.2486231,16,short_path,37074,148704,148676
1613829892.248817,0,long_path,8276,8476,8448
1613829892.338043,16,short_path,37055,148599,148545
1613829892.338451,0,long_path,8246,8458,8504
1613829892.4285598,16,short_path,37046,148603,148548
1613829892.443475,0,long_path,8451,8449,8478
1613829892.503263,16,short_path,37521,148665,148590
1613829892.5191061,0,long_path,8619,8458,8483
1613829892.622821,16,short_path,37110,148746,148743
1613829892.623136,0,long_path,8279,8530,8443
1613829892.683593,16,short_path,37132,148828,148851
1613829892.684084,0,long_path,8289,8445,8507
1613829892.773665,16,short_path,37111,148931,149178
1613829892.774167,0,long_path,8231,8489,8733
1613829892.863272,16,short_path,37073,148483,148439
1613829892.877763,0,long_path,8258,8466,8481
1613829892.96777,16,short_path,37065,148495,148465
1613829892.968225,0,long_path,8228,8504,8480
1613829893.057836,16,short_path,36864,148522,148466
1613829893.0582001,0,long_path,8253,8499,8466
1613829893.1783528,16,short_path,37079,148505,148431
1613829893.178785,0,long_path,8269,8424,8460
1613829893.238065,16,short_path,36901,148572,148562
1613829893.238613,0,long_path,8273,8466,8514
1613829893.327928,16,short_path,37075,148701,148644
1613829893.328331,0,long_path,8236,17625,8450
1613829893.4034429,16,short_path,37279,148783,148813
1613829893.4040399,0,long_path,8212,8448,8493
1613829893.50809,16,short_path,37150,149009,148765
1613829893.508596,0,long_path,8250,8478,8502
1613829893.5983849,16,short_path,37128,149078,149043
1613829893.599209,0,long_path,8230,8519,8506
1613829893.6878111,16,short_path,37102,148734,147608
1613829893.688232,0,long_path,8260,8467,7987
1613829893.764054,16,short_path,37118,148773,148742
1613829893.764586,0,long_path,8234,8503,8419
1613829893.853915,16,short_path,37373,148922,148883
1613829893.854442,0,long_path,8238,8454,8417
1613829893.958511,16,short_path,37117,148887,148855
1613829893.958996,0,long_path,8223,8466,8426
1613829894.0484412,16,short_path,37133,149027,149016
1613829894.0489721,0,long_path,8269,8457,8492
1613829894.153161,16,short_path,37174,149155,149110
1613829894.153518,0,long_path,8258,8465,8436
1613829894.2282,16,short_path,37188,149257,149227
1613829894.228653,0,long_path,8492,8480,8499
1613829894.318518,16,short_path,37180,149396,149361
1613829894.319117,0,long_path,8233,18339,8504
1613829894.393754,16,short_path,37131,149071,149004
1613829894.3941388,0,long_path,8276,8467,8485
1613829894.498214,16,short_path,37145,148694,148996
1613829894.4986072,0,long_path,8267,8198,8485
1613829894.588534,16,short_path,37164,149236,149183
1613829894.5889988,0,long_path,8299,8512,8492
1613829894.6633759,16,short_path,37183,149238,148960
1613829894.663867,0,long_path,8291,8495,8279
1613829894.7686,16,short_path,37179,149322,149280
1613829894.769065,0,long_path,8266,8481,8446
1613829894.858784,16,short_path,37146,149425,149408
1613829894.859306,0,long_path,8289,8447,8519
1613829894.932986,16,short_path,37233,149546,149518
1613829894.933525,0,long_path,8322,8468,8525
1613829895.03845,16,short_path,37231,149623,149592
1613829895.038955,0,long_path,8303,8465,8483
1613829895.127777,16,short_path,37151,149347,149298
1613829895.128275,0,long_path,8252,8455,8509
1613829895.217765,16,short_path,37175,149360,149325
1613829895.218325,0,long_path,8506,8482,8515
1613829895.29338,16,short_path,36952,149510,149463
1613829895.293788,0,long_path,8092,8480,8454
1613829895.3838358,16,short_path,37203,149484,149448
1613829895.384432,0,long_path,8222,8679,8517
1613829895.488144,16,short_path,37228,149398,149586
1613829895.488637,0,long_path,8306,8336,8431
1613829895.608011,16,short_path,37219,149696,149644
1613829895.60834,0,long_path,8255,8481,8460
1613829895.667873,16,short_path,37231,149759,149718
1613829895.668252,0,long_path,8270,8488,8454
1613829895.7578392,16,short_path,37264,149927,149860
1613829895.7582688,0,long_path,8286,8514,8510
1613829895.8478239,16,short_path,37265,150226,150184
1613829895.848284,0,long_path,8227,8450,8490
1613829895.9231,16,short_path,37419,150465,150437
1613829895.9235709,0,long_path,8244,8501,8528
1613829896.012864,16,short_path,37479,150689,150626
1613829896.013224,0,long_path,8224,8463,8427
1613829896.102912,16,short_path,37445,150688,150625
1613829896.103353,0,long_path,8227,8494,8518
1613829896.207882,16,short_path,37450,150818,150776
1613829896.208394,0,long_path,8539,8479,8475
1613829896.298035,16,short_path,37308,150966,150817
1613829896.298482,0,long_path,8124,8491,8497
1613829896.387883,16,short_path,37465,151090,151042
1613829896.388414,0,long_path,8242,8465,8474
1613829896.4785862,16,short_path,37463,151009,151087
1613829896.479369,0,long_path,8297,8473,8504
1613829896.56788,16,short_path,37474,151063,151005
1613829896.5683699,0,long_path,8315,8526,8535
1613829896.643316,16,short_path,37621,151253,151218
1613829896.6438642,0,long_path,8230,8479,8466
1613829896.762909,16,short_path,37500,151338,151289
1613829896.7633338,0,long_path,8282,8499,8429
1613829896.8378,16,short_path,37415,151393,151359
1613829896.838332,0,long_path,8254,8493,8545
1613829896.928746,16,short_path,37530,151505,151482
1613829896.9294138,0,long_path,8217,8496,8419
1613829897.017812,16,short_path,37608,151564,151533
1613829897.018362,0,long_path,8250,8489,8487
1613829897.101491,16,short_path,37465,151376,151340
1613829897.1017659,0,long_path,8250,20337,8500
1613829897.183538,16,short_path,37931,151215,151164
1613829897.183937,0,long_path,8288,8475,8446
1613829897.288013,16,short_path,37426,151291,151061
1613829897.288409,0,long_path,8276,8475,8472
1613829897.3780422,16,short_path,37455,151293,151267
1613829897.378369,0,long_path,8275,8471,8476
1613829897.467978,16,short_path,37452,151325,151838
1613829897.468298,0,long_path,8260,8455,8881
1613829897.5578291,16,short_path,37459,151454,151420
1613829897.558264,0,long_path,8286,8521,8516
1613829897.647914,16,short_path,37612,151552,151510
1613829897.6483898,0,long_path,8243,8506,8467
1613829897.7234728,16,short_path,37423,151256,151187
1613829897.723905,0,long_path,8307,8475,8469
1613829897.82814,16,short_path,37459,151173,151136
1613829897.843046,0,long_path,8234,8490,8482
1613829897.918127,16,short_path,37438,151210,151175
1613829897.9184902,0,long_path,8222,8473,8480
1613829898.0080261,16,short_path,37402,151212,151190
1613829898.008445,0,long_path,8468,8493,8474
1613829898.08305,16,short_path,37449,151245,151192
1613829898.083478,0,long_path,8264,8500,8552
1613829898.17344,16,short_path,37413,151291,151258
1613829898.173843,0,long_path,8231,8519,8469
1613829898.278464,16,short_path,37445,151385,151367
1613829898.2788658,0,long_path,8238,8497,8507
1613829898.367969,16,short_path,37381,151003,150767
1613829898.368358,0,long_path,8302,8503,8318
1613829898.457798,16,short_path,37386,150987,150958
1613829898.4585888,0,long_path,8264,8460,8503
1613829898.5629199,16,short_path,37380,150997,150962
1613829898.563425,0,long_path,8257,8481,8458
1613829898.637982,16,short_path,37376,151000,150977
1613829898.63835,0,long_path,8272,8434,8479
1613829898.7279959,16,short_path,37416,151042,151018
1613829898.728346,0,long_path,8256,8488,8457
1613829898.8033888,16,short_path,37402,151103,151072
1613829898.803947,0,long_path,8288,8501,8494
1613829898.908,16,short_path,37428,151132,151077
1613829898.908451,0,long_path,8252,8534,8502
1613829898.997934,16,short_path,37373,150882,150841
1613829898.998334,0,long_path,8480,8531,8484
1613829899.088782,16,short_path,37444,150818,150823
1613829899.089238,0,long_path,8305,8476,8469
1613829899.17786,16,short_path,37384,150881,150863
1613829899.1783192,0,long_path,8295,8185,8519
1613829899.253087,16,short_path,37396,151029,150984
1613829899.2534761,0,long_path,8192,8482,8478
1613829899.35824,16,short_path,37479,151306,151292
1613829899.358714,0,long_path,8203,8439,8484
1613829899.448041,16,short_path,37438,151583,151556
1613829899.448482,0,long_path,8230,8479,8436
1613829899.5377972,16,short_path,37593,151812,151794
1613829899.538272,0,long_path,8248,8534,8500
1613829899.627981,16,short_path,37411,151862,151826
1613829899.628564,0,long_path,8234,8457,8501
1613829899.717818,16,short_path,37574,151855,151817
1613829899.718416,0,long_path,8246,8499,8442
1613829899.7934668,16,short_path,37501,151984,151965
1613829899.793899,0,long_path,8223,8431,8517
1613829899.898106,16,short_path,37631,152120,152079
1613829899.898478,0,long_path,8264,21045,8484
1613829899.988107,16,short_path,37398,152237,152219
1613829899.988561,0,long_path,8236,8520,8486
1613829900.063662,16,short_path,37659,152615,152360
1613829900.0641322,0,long_path,8248,8612,8506
1613829900.168353,16,short_path,37690,152644,152566
1613829900.1687732,0,long_path,8272,8358,8543
1613829900.258471,16,short_path,37684,152604,152477
1613829900.2590022,0,long_path,8274,8502,8418
1613829900.363555,16,short_path,37640,152329,152337
1613829900.364167,0,long_path,8232,8513,8506
1613829900.438668,16,short_path,37432,152292,152232
1613829900.43924,0,long_path,8224,8505,8469
1613829900.5288398,16,short_path,37601,152183,152118
1613829900.5292852,0,long_path,8251,8493,8479
1613829900.618579,16,short_path,37461,152186,152145
1613829900.619144,0,long_path,8249,8516,8479
1613829900.708879,16,short_path,37577,152079,152040
1613829900.709396,0,long_path,8222,8481,8463
1613829900.7985091,16,short_path,37553,151866,151852
1613829900.798862,0,long_path,8485,8462,8518
1613829900.8731751,16,short_path,37628,151408,151446
1613829900.8735218,0,long_path,8376,8455,8489
1613829900.963626,16,short_path,37402,151208,151174
1613829900.963818,0,long_path,8301,8516,8498
1613829901.068186,16,short_path,37389,150985,150580
1613829901.0685592,0,long_path,8257,8599,8477
1613829901.158153,16,short_path,37332,150494,150488
1613829901.158558,0,long_path,8283,8472,8526
1613829901.248429,16,short_path,37381,150468,150398
1613829901.248812,0,long_path,8243,8465,8459
1613829901.3240871,16,short_path,37455,150806,150796
1613829901.3245912,0,long_path,8264,8532,8487
1613829901.42831,16,short_path,37404,150511,150510
1613829901.428752,0,long_path,8233,8428,8494
1613829901.50312,16,short_path,37344,149983,149937
1613829901.503576,0,long_path,8253,8486,8497
1613829901.6083999,16,short_path,37511,149998,149940
1613829901.623337,0,long_path,8236,8497,8454
1613829901.698613,16,short_path,37308,149700,149672
1613829901.699158,0,long_path,8277,8508,8455
1613829901.7740958,16,short_path,37172,149399,149343
1613829901.7746072,0,long_path,8475,8488,8470
1613829901.878607,16,short_path,37714,150052,150054
1613829901.879135,0,long_path,8563,8465,8490
1613829901.968351,16,short_path,37398,150771,150701
1613829901.968897,0,long_path,8255,8314,8538
1613829902.044653,16,short_path,37485,151243,151215
1613829902.045861,0,long_path,8292,8488,8507
1613829902.133831,16,short_path,37511,151275,151428
1613829902.134794,0,long_path,8278,8466,8625
1613829902.23808,16,short_path,37418,151253,151230
1613829902.238472,0,long_path,8292,8484,8511
1613829902.313808,16,short_path,37456,151020,150954
1613829902.3147469,0,long_path,8282,8509,8521
1613829902.4032729,16,short_path,37602,150762,150709
1613829902.403698,0,long_path,8242,8494,8493
1613829902.508416,16,short_path,37394,150567,150533
1613829902.509412,0,long_path,8259,8527,8496
1613829902.599215,16,short_path,37397,150605,150556
1613829902.5996952,0,long_path,8247,8454,8546
1613829902.688444,16,short_path,37378,150506,150469
1613829902.6888251,0,long_path,8312,19409,8532
1613829902.779553,16,short_path,37320,150208,150170
1613829902.780303,0,long_path,8507,8511,8514
1613829902.868772,16,short_path,37316,150165,150088
1613829902.869592,0,long_path,8264,8519,8521
1613829902.958414,16,short_path,37332,150335,150305
1613829902.9595032,0,long_path,8224,8542,8516
1613829903.049459,16,short_path,37316,150241,149823
1613829903.04995,0,long_path,8281,8550,8235
1613829903.138158,16,short_path,37320,150306,150264
1613829903.138481,0,long_path,8270,8514,8469
1613829903.229432,16,short_path,37480,150542,150519
1613829903.230309,0,long_path,8241,8497,8544
1613829903.318911,16,short_path,37377,150587,150585
1613829903.3196359,0,long_path,8277,8480,8508
1613829903.3938382,16,short_path,37617,150562,150506
1613829903.3943849,0,long_path,8294,8514,8487
1613829903.484001,16,short_path,37414,150672,150650
1613829903.484875,0,long_path,8247,8518,8495
1613829903.573984,16,short_path,37504,151098,151048
1613829903.5747762,0,long_path,8514,8505,8532
1613829903.6792471,16,short_path,37667,151813,151708
1613829903.6797209,0,long_path,8311,20664,8526
1613829903.7991009,16,short_path,37769,152365,152280
1613829903.799963,0,long_path,8261,8542,8503
1613829903.843533,16,short_path,37750,152253,152478
1613829903.844064,0,long_path,8260,8335,8483
1613829903.934656,16,short_path,37643,152256,152100
